"Test","KS_Statistic","KS_p_value"
"Factor A",0.0126000000000001,0.0835653948293656
"Factor B",0.00490000000000005,0.969982945894294
"Interaction AB",0.00829999999999993,0.496191297551762
